argument,temporal_label,ML_4_features,ML_text_svm,ML_text_logistic,label,year,quarter,,
This is really about seeing improvement in some of our largest services and continue to see improvement year-over-year in the largest services. There were not any one-time benefits in this quarter that helped us.,0,0,0,0,1,2019,Q4,,Same
"So in the first half of the year, we have a tougher comp, if you will, versus some strong growth in the first-half of last year. On AWS revenue let me just remind you that quarterly growth last year on an FX-neutral basis so Q1 was 48% then 49% then 46% and 46%.",2,2,1,1,1,2019,Q1,text,Different
"And Heather, I would add that when you're using systems to look at content, when you're using AI machine learning systems, it's a real benefit to have actual people looking and tagging that content, classifying it because it helps those machine learning algorithms be able to learn what theyre looking at.",0,0,0,0,0,2019,Q3,,Same
I think it was about GDPR and how that's gone relative to expectations. Weve seen adoptions around people who are opting out of allowing us to use context from the apps.,0,0,0,0,0,2019,Q3,,Same
"But really, I think the focus that we have here is how we can best execute no matter what the macro environment turns out to be, focus on our own execution, focus on continue to drive cloud services, focus on continue to drive annuity mix. Those movements actually and as we help customers transform its really the best plan in the face of any uncertainty which youre clearly asking me about. But I tend to probably focus more on what we can control versus the external environment and how we can best react to that.",0,0,0,0,0,2016,Q2,,Same
"And I talk about AWS revenue, again, we're – we are accelerating. Weve accelerated for the last two quarters. The FX-neutral growth was 48% in Q1 up from 44% on the same basis in Q4 and 42% in Q3. And now nearly a $22 billion run rate.",2,2,2,2,2,2018,Q1,,Same
"And then secondly in some markets as I had talked about in my prepared remarks, the subsidy is probably the bigger of the issues in the developed markets. I had mentioned Japan but also even in this country even though the subsidy has gone away for a period of time. If youre a customer that your last purchase was a 6s or 6 or in some cases even a 7 you may have paid $199 for – and now in an unbundled world its obviously much more than that.",0,0,0,0,0,2019,Q1,,Same
And so the growth is actually quite good underneath that and that’s obviously a problem with everyone struggling with it. You have to consider the constant currency growth rates. And so if you do that our guidance is actually 8% to 11% because we have about a 700 basis point FX headwind in Q1.,1,2,2,0,0,2015,Q4,text,Same
"There are -- it touches on a number of different parts of our business in terms of how we recognize revenue in terms of any aggregate, the impacts to our expectations for the revenue guidance for the first quarter. We did adopt a new standard in January 1 of this year 2018 and youll see that reflected in our financials for the first quarter coming up. Theres a number of different areas at least that weve called out in our filings with the 10-Q in the past and the 10-K that will be on file shortly that talk about the different areas that are impacted us.",0,0,2,0,1,2017,Q4,,Same
"And so I think while I do understand that people will ask a lot about that price competition at the lower level, I think what you're seeing is because were able to continue to move people up the stack including all the way up to the business process layer I think youll continue to see us be confident in our ability to move and create margin and growth.",0,0,0,0,0,2017,Q3,,Same
"So we didn't get any benefit in our P&L, in our margins, during the March quarter, and we're not getting any benefit during the June quarter either. On Qualcomm I just want to make it very very clear that we are accruing. We do not expect to be paying more than what we are accruing right now.",0,0,2,2,1,2017,Q2,,Different
"And so when we look at all these things in its totality, we think that for the total company of course, we believe that revenue's going to grow. Youre right weve got an extra few days. You know very well the launch timing is different. You know that we increased iPhone channel inventory by 3.3 million units a year ago. I mentioned two issues that affect us the one-timer from a year ago that you obviously need to exclude from the compare and the FX that is the reality of our business right now.",0,0,1,1,0,2016,Q4,rule,Different
"So, yeah, you will see more expansion from us. And on Whole Foods yes I believe the total is 465 stores or thereabouts. And we have 12 bookstores now. We are adding a few more in the near future in California Washington DC and Austin.",0,0,0,0,0,2017,Q3,,Same
I think a lot of it is that we're getting better and better at ranking and showing people the content they want. And part of it is that theres of course a bigger opportunity when people have their phones with them all the time but I think that there are plenty of other worlds that we could be living in where we wouldnt have necessarily executed on that opportunity. And the execution is hard right? And just kind of having something thats appealing universally to people wanting to stay connected with their friends thats an important piece of it.,0,0,0,0,0,2015,Q2,,Same
Our revenue growth during Q1 would have been four percentage points higher on a constant currency basis. Obviously what we’ve seen during Q1 has been unprecedented movements in currencies. I would say during the course of the quarter the biggest impact came from the Japanese yen the Russian rubel but also from euro Australian dollar Canadian dollar.,2,2,2,2,2,2015,Q1,,Same
"This quarter we launched Canvas ads, which are very fast-loading, immersive mobile ads. Theyre easy to build. You can use the self-service tool. You dont have to write any code. They are native format so they decrease that initial drop-off you see when people click off to another site. Its very early days but the average viewing time is over 30 seconds,",0,0,0,0,2,2016,Q1,,Same
"But we feel fantastic, particularly as it pertains to iPhone X. In Urban China and the U.S. the top five smartphones last quarter were all iPhones. And in Japan and the UK six of the top seven were iPhones.",0,0,1,2,2,2018,Q1,text,Same
"So we're still very pleased again with the international business, continue to invest in Prime benefits, international expansion as I just mentioned, and we're still seeing very good pickup. But I also point out that we launched Turkey in the quarter and now we have 17 Amazon websites globally.",0,0,0,0,2,2018,Q3,,Same
I expect our overall Pro business to remain in line with business PCs. Once we work through sort of the end of XP bump that really should be in the line.,0,0,0,0,0,2016,Q1,,Same
"And certainly if you go outside of China into the other emerging markets, our share is much lower and the LTE penetration is so low, I mean in some cases, it's zero, that it indicates to me that there's still a lot of people, a tremendous number of people in the world, that will buy smartphones and we ought to be able to win over our fair share of those. For example almost half of the iPhones that we sold in China last quarter were to people who were buying their first iPhone.",0,0,0,0,2,2016,Q1,,Same
"I think with Office 365, we are trying to expand the appeal of Office 365 on multiple dimensions. A lot of what we are still seeing in play is the rapid adoption or the increased adoption of Office 365 E3 which is what I think is driving a lot of the growth the ASP growth. Now we have a good start with what is at the high end of the enterprise value which is E5 some of the value we have. Whether its voice or analytics and security it resonates. And were learning were improving and were pushing forward on that front. At the same time were also introducing new SKUs for the front-line worker. This is one of the other first-time trends Im seeing where CEOs are more interested in productivity of their front-line workers and so thats another exciting space. It comes at a different ASP point so its not exactly the same as E5 but very important for us strategically to be able to increase the appeal of Office 365. We also are working to make Office 365 and seeing good traction in segments like small business. The other aspect of Office 365 which is important for us is the international element because we really never had very high penetration of our higher-end service SKUs in the international markets. And we finally get to do that with the service offering. So those are all the areas.",0,0,0,0,0,2017,Q3,,Same
"And at the time of course in some way we considered Instagram to be a competitor, but we've always thought that the better way to target -- to think about Instagram was that it's complementary to Facebook and what we're doing. We thought about Instagram in the context of this new mobile camera space that was complementary. If you remember back then we were building the Facebook camera app.",0,0,0,0,0,2019,Q3,,Same
"So it wasn't a material impact on the quarter, but we're excited, really excited to start working with the management team there. The deal closed in September. Theyre very strong. Theyve done a great job building a highly differentiated customer experience just customer-centric like we are.",0,0,0,0,2,2018,Q3,,Same
"And so as I look at that number, that suggests there’s plenty of upgrade headroom in addition to we want to keep inviting over as many switchers as we can. Our current estimate is that about 20% of the active installed base has upgraded to a 6 or 6 plus.",0,0,0,0,0,2015,Q2,,Same
There's a lot of movement of tech head count. And so there was less external hiring in the first half of this year.,0,0,1,1,1,2018,Q2,text,Different
"We try to make it very easy for businesses to promote pages, promote posts and the like. And then of course ads weve got 60 million businesses with pages. They manage those pages and then they can promote those pages via our easy-to-use ad products. So thats an important on-ramp to mobile advertising for a number of businesses around the world.",0,0,0,0,0,2016,Q3,,Same
"And so I actually feel quite good with that outperformance and our ability to see that outperformance fall to the bottom line through stronger executional gross margin percentage, particularly in that segment. We outperformed significantly in both those products in Q4 and that took us a little bit outside the COGS range but not as much as our revenue outperformed. So actually margins structurally were better than I thought they would be. Because of the performance in Xbox and in Surface youre right it is a hardware mix shift a bit.",2,2,2,2,2,2015,Q4,,Same
"So I think the first half of the year could be a good test of where our cost structure is, coming off of the investment that leads up to the holiday. Last year there was a lot of first half investment. If you look back on infrastructure and fixed head count that may be made that less pronounced.",0,0,1,1,1,2018,Q2,text,Different
"And to your question about long form content, the more natural starting point for us is shorter form content which can either be social content or premium short form content. But some of – the vast majority of the content thats consumed on Facebook just talking about video right now is people browsing through feed. They discover something interesting that they werent necessarily looking for previously thats very powerful because thats a behavior that there isnt really anywhere else to do at scale on the Internet today in a great way and then people watch it there or they bookmark it to watch later.",0,0,0,0,0,2015,Q3,,Same
"For us, this is an important investment and it's very strategic. And you heard on this call me give a few examples of where were already able to connect what happens in terms of ads with real sales of real products. We are going to put the time in to make this work rather than look for any short-run specific return.",0,0,0,0,0,2015,Q2,,Same
The Wearables have done extremely well. It was acceleration further from the previous quarter.,0,0,2,2,2,2019,Q4,text,Different
"And I feel like we're making good progress there and are gaining understanding of the market, but we still have a long way to go, which I sort of see as an opportunity instead of a problem. As you know as I think we talked about before we started manufacturing the iPhone SE there six nine months ago so. And the majority of the iPhone SEs that we sold in the domestic market last quarter were manufactured there. The bandwidth issue has also been an issue but as you point out it is being addressed and between the large carriers there with Bharti and now Jio investing the way they are the service in India is materially better than it was just 12 months ago.",0,0,0,0,1,2017,Q4,,Same
"And then CapEx, we'll see continue to flow in through the P&L over time. And you already saw that pick up with the cost of revenue growth in Q4.",2,2,0,0,2,2018,Q4,rule,Different
"I think, I guess, if you're talking about DAU and MAU, Europe is stable on that front in terms of Facebook overall. The accounting methodology change did affect how Europe sequential growth rate came in but really stable if you kind of take that aside. And we had some impact from GDPR over the last two quarters.",0,0,2,2,0,2018,Q3,rule,Different
and we remain extremely bullish on China and we're continuing to invest. Nothing thats happened has changed our fundamental view that China will be Apples largest market at some point in the future. Its true as you point out that the equity markets have recently been volatile. This could create some speed bumps in the near term. But to put it in context which I think is important despite that volatility in the Chinese market theyre still up 90% over the last year and theyre up 20% year-to-date and so these kind of numbers are numbers I think all of us would love. Also the stock market participation among Chinese household is fairly narrow. And the stock ownership is very concentrated in a few people who put what appears to be a smaller portion of their wealth in the market than we might. And so I think generally this has been at least as we see it maybe its not true for other businesses that this worry is probably overstated.,0,0,1,0,1,2015,Q3,,Same
"In terms of web services, it’s obviously growing extremely fast. We saw some acceleration of growth from a revenue perspective. Over the last few quarters here usage is growing faster than that so we will be deploying more capital as we go there.",0,0,0,0,1,2015,Q1,,Same
"So for purposes of 2016 modeling, I would use the Q1 rate. On the OpEx guide Q1 came in slightly below our annual expense growth guidance but we do expect that investments in areas like video and Oculus will impact the remainder of the year more substantially,",2,1,2,2,2,2016,Q1,rule,Same
First of all on the -- there were two items we discussed last quarter with the Japan consumption tax raising from 8% to 10% effective October 1. The net result was a pull forward of some purchases by Japanese customers into Q3 and also some negative elasticity effects post October 1. The other item was Diwali timing the Indian holiday which has a very large swing factor on international revenues is it moved more into the third quarter this year versus -- in 2019 versus 2018.,2,1,2,2,1,2019,Q4,,Same
And so we feel good about that. From an absolute quantity point of view the upgrades for this fiscal year are the highest that weve seen. However if you look at it from an upgrade rate point of view instead of the absolute number the rate is similar to what we saw with the previous iPhones except for iPhone 6 which as we called out in the past had an abnormally high upgrade rate.,0,0,2,2,1,2017,Q3,,Different
"First of all, it is very important for us to ensure that we did everything to enable LinkedIn to keep their product and cultural ethos of putting members first and innovating on their behalf. And thats what you see in their sessions growth engagement growth their quality member growth. And obviously that all translates into the revenue growth as well across all of the marketing solutions talent solutions and sales solutions.",0,0,0,0,0,2018,Q3,,Same
"As we look back on that, there were number of factors. I mean in any quarter there can be product mix or ASP differentials which shift the unit growth figure but if you also remember we dropped our Super Saver Shipping threshold twice the early part of last year from $49 to $35; and then down to $25.",0,0,1,2,1,2018,Q2,,Same
"so we're very pleased with the results both in constant currency terms and nominal terms. The acceleration we saw from Q3 to Q4 was currency for Europe but Europe continues to grow at a very healthy pace on a constant currency basis,",2,2,2,2,2,2017,Q4,,Same
"So, on the grocery side, for fresh we're in a handful of metropolitan areas here in the U.S. Its been a relatively measured rollout by Amazon standards. We continue to work on the customer experience and making sure were really delivering a quality experience for shoppers. And were also working on the economics.",0,0,0,0,0,2015,Q3,,Same
"And clearly, as you said the idea of adding new services is very important to us. During the last three years weve added Apple Pay which has been incredibly successful and is a wonderful customer experience. Weve added Apple Music where we now have more than 50 million paid subscribers and continues to grow very nicely. And weve added a very useful service to our developers. We provide an advertising service for developers in the App Store.",0,0,2,0,1,2019,Q1,,Same
"So Mark, I can't comment on the derive number, but I can say that FBA continues to grow really well, it’s become a bigger and bigger part of our third party mix over the years I think we gave you an update in Q4 that it was more than 40% of our third party units.",2,2,2,2,2,2015,Q1,,Same
"And on the question on capacity, – excuse me, cap – I'll address it as CapEx and capital leases, we're still seeing strong investment there. If I look at the quarterly trends youre right that this quarter was up 33% in isolation versus last year. I look back to last years first quarter and we grew 82% year-over-year. So it was a particularly heavy quarter particularly for investment in warehouses. So if I step back on the trailing 12 months though CapEx which is predominantly tied to our fulfillment center network is up 47%. That is above the Amazon fulfilled unit growth rate but we combined the strength of the FBA program and the space requirements as we get into bigger and bigger products. On the capital leases which is a good proxy for the spend to support the AWS business thats up 49% year-over-year on the trailing 12 months.",0,0,1,1,1,2018,Q1,text,Different
And so the Watch had a more of a back-ended kind of a skewing. On the Watch our June sales were higher than April or May. I realize thats very different than what some of the is being written but the June sales were the highest.,0,0,0,0,2,2015,Q3,,Same
"From the new regions, they are not the major driver in any way. Most of our capacity and capital and capital leases in AWS is to service existing regions and existing customers demand growth. But there is certainly expenditures when we open up new regions. Some of that is not always in the year that we open the region. So we spent a good bit on those new regions already in 2015. But as far as pricing theres no capacity constraint and I would a little bit dispute the deceleration comment on yes on a percentage basis 69% is lower than Q3. But as I said before were approaching a $10 billion run rate in this business. On a dollar basis we continue to grow – we saw the greatest growth year-over-year and quarter-over-quarter and again we continue to invent now with our price we continue to innovate on behalf of customers and see great customer response.",2,1,2,2,2,2015,Q4,rule,Same
"And like Brian said, we like to be close to customers and benefit from having inventory close to customers as well. So we ended the year last year with 109 fulfillment centers around the world and 19 U.S. sort centers. And typically were looking at what the demand would be for peak as we figure out what we need;",0,0,0,0,1,2015,Q2,,Same
"Secondly to provide a bit more color, sales of the Watch did exceed our expectations and they did so despite supply still trailing demand at the end of the quarter. And to give you a little additional insight through the end of the quarter in fact the Apple Watch sell-through was higher than the comparable launch periods of the original iPhone or the original iPad. And we were able to do that with having only 680 points of sale. And as you probably know as I had reviewed earlier the online sales were so great at the beginning we were not able to feed inventory to our stores until mid-June. And so those points of sale pretty much the overwhelming majority of the low numbers of sales were not there until the last two weeks of the quarter.",0,0,2,2,2,2015,Q3,text,Different
"So, yes, revenue synergies are showing up but mostly because product synergies are showing up and thats because of the product ethos of LinkedIn around member-first is what we have maintained throughout this integration.",0,0,0,0,0,2018,Q3,,Same
"And I just think the team is doing a really good work on all of these, and I'm really proud of them. But I mean the team has just done really good work in terms of ranking the content and making the experience faster and building out better ways to get feedback from our community on what kinds of content they want to see in News Feed and helping people have the tools that they need to share the social content and news and video content that they want so that way it exists in the corpus of content that can be shown.",0,0,0,0,0,2015,Q2,,Same
"We're also focused on job growth, job creation over there. Since we launched over in India in 2013 weve created over 700,000 direct and indirect jobs. So -- we also recently announced plans to create additional one million jobs in India by 2025.",1,1,0,0,0,2019,Q4,text,Different
So part of our playbook for building out these ecosystems at scale is we start with the person-to-person user base. So whether thats in messaging its people messaging their friends or groups and News Feed.,0,0,0,0,0,2016,Q1,,Same
So we are getting very good top-line growth. 5.1% operating margin was up from 3.9% in Q1 and 3% last Q2. A lot of it is the top-line growth but its also a lot of the efficiency were seeing particularly on the fulfillment and marketing lines which for the whole company were flat year-over-year on a percent of revenue basis. A lot of that is fueled by Prime adoption and we are dropping a lot of it to the bottom line with many of the efficiency projects. What I can say is that if you adjust for foreign exchange the operating margin is up slightly both sequentially and year-over-year. What youre seeing there is also obviously colored by our investment our increased investment in India based on the momentum and the success weve been seeing there so far.,2,2,1,1,1,2015,Q2,text,Different
"Overall, we are very excited about the growth we are seeing in Office 365. On the consumer side as you noted we are growing 1 million subs a month and thats fantastic growth for us. The consumer value especially now that we have even all the endpoints covered with Office the definition of Office and where all its present is also changed and that all accrues to consumers being willing to have a subscription relationship with us.",0,0,0,0,0,2015,Q4,,Same
"So, even if I see all the good things and good trends happening that I feel really create a great opportunity for us to sell Microsoft 365, you will see growth rates moderate next year. H2 where weve had really strong revenue growth and a really strong market will I think moderate growth wise just because the base it was coming off in 17 was just a lot lower.",0,0,2,2,0,2018,Q4,rule,Different
"We will do that overtime, because the amount is very large.",0,0,0,0,0,2018,Q1,,Same
"So obviously FX has been a significant hit in many ways, of course. I mean it reduces our growth rate. We would be 800 basis points higher this quarter from the 33% that weve reported if it wasnt for the movement in currencies around the world. And really when you look around the world its really if you exclude China essentially every single currency has weakened against the dollar.",0,0,1,2,0,2015,Q3,rule,Same
"So the impression growth acceleration, you've got a couple factors going on there. One of the factors is just that the desktop roll-off is just continuing. So as it gets smaller it has less of a depressive effect on the overall impression growth number because if you recall desktop has quite a number of impressions per DAU just given its the right-hand column that has multiple impressions on each screen. And obviously Instagram is continuing to grow nicely as well so thats another contributing factor there.",0,0,0,0,0,2018,Q1,,Same
We're also seeing a lot of strength in brand. So to share one example Jack In The Box use our Canvas ads which are very immersive ads. Theyre really good for a brand experience to roll out a new menu item their Double Jack burger. They worked with agencies Horizon David & Goliath and Adaptly and they targeted millennials on Facebook to create two different custom audience groups. One group was customers who had visited the restaurant web page or engaged with previous video ads. And the second group were people that hadnt engaged with them directly but were quick service restaurant purchasers. They had an average view rate of 23 seconds across those Canvas ads so clearly people were really engaged in the brand experience of the ads and they had a 13-point lift in add recall and a 9-point lift in purchase intent.,0,0,0,0,0,2016,Q2,,Same
"And I think in the last six months or a year alone, there have been hundreds, if not thousands, of cases where we're we've been able to get first responders to people when they needed help And thats an area where the goal isnt to take down the content but if we see an area where - if we see something that a person might be thinking about hurting themselves we now have thousands of people and technical tools that can flag this content to those people to - so we can actually go get first responders to go reach out to people. because of this approach of being more proactive on looking at the content.",0,0,1,0,1,2018,Q4,,Same
"And to your specific question, Heather, on the impact of some of the price increases that went into effect in Q2, I'd say it's a couple of points. The overall number even if you take a couple points off that 28% is a very good performance that I believe to Satyas point is the impact youve seen of the very aligned technology road map on the architecture plus a business model that matches it.",1,2,0,0,0,2019,Q1,text,Same
"And so we are still insignificantly in the build mode there, and so don't think of the penetration as anywhere near sort of a mature penetration. The -- what were seeing in terms of new adds on the Watch I think Luca may have mentioned this in his comments is about three-quarters of the Apple Watch buyers are new to Apple Watch.",0,0,0,0,0,2019,Q4,,Same
"Just quickly on the ASC impact, Brian mentioned earlier that of course we've been talking about it all year the changing, and the subscription revenue recognition is now straight line. So on a comp basis youd expect to see subscription revenue be about $300 million lower due to that accounting change. The other piece that we hadnt talked about is the reclass that we gave in the past few quarters specifically around the advertising services that have moved from Contra COGS into other revenue beginning in 2018. That was about $750 million increase to that other sales revenue category here in the third quarter.",2,0,2,2,1,2018,Q3,,Same
In particular what we saw this quarter was really as much about the mix of the devices that the OEMs are bringing to market as it was in the absolute unit distinction. And you saw that in the non-Pro revenue performance. And so for us I think really the way to think about the early signs of the impact were the strong device mix some higher priced units across a wide variety of OEMs as we build into holiday did provide some slightly better than expected results as you noted in the non-Pro business. But really some of the other upside that we saw in the quarter was from things that are the second sort of derivative of that which was our search results were better than we had thought Because of some of these results about where the PCs were upgraded and the pace at which they were upgraded.,0,0,2,2,2,2016,Q1,text,Different
We had – what I attribute it to is continued strength in our – some of our most profitable areas. AWS had its third consecutive quarter of accelerating growth 49% FX-neutral growth. Advertising also had strong growth. Elsewhere we saw probably better than expected efficiencies in operations our infrastructure costs and generally all of our fixed costs. Youll note that in the first half of the year capital leases were flat year-over-year although were up 20% for the full trailing 12 months in the last 6 months its been pretty flat as the team has really worked well to plan our data centers run our data centers more efficiently even to meet again increasing usage at our customers; usage rates are exceeding our growth rate.,0,0,2,2,2,2018,Q2,text,Different
We are pleased with our Q4 results. We had a strong holiday season despite it being abbreviated.,2,2,2,2,2,2019,Q4,,Same
"On that latter point, really the mix of ad units is part of what we're doing I think really well. Were developing a number of new ad products as well as enhancing the ad products that we have out in the market today. So were taking what is a great mobile ad product on Facebook and Instagram and making it even better. And I think the investments that were doing there will continue to enable us to drive advertiser demand.",0,0,0,0,0,2016,Q3,,Same
We believe that's working. So we will continue to invest in video content. Well continue to invest in fulfillment space to handle higher and higher paid unit volumes and shipped unit volumes. Well continue to invest in things that we believe enhance the customer experience particularly the Prime experience. Devices well continue to invest in as particularly Alexa and the Echo products. Well continue to invest in getting faster and faster shipping methods for our consumers.,0,0,0,0,0,2016,Q3,,Same
So we had continued efficiency. We didnt put a lot of new fulfillment center capacity or infrastructure into place at least compared to Q1 of last year. And hiring was moderate; we actually are down to 12% on a trailing 12-month basis.,2,2,1,1,0,2019,Q1,,Different
"and so we’re extremely excited about that. Bill we continue to see a higher rate of switchers than we have seen in previous cycles, And if you look at emerging markets in general I think Luca covered some of this the revenue from emerging markets just for the March quarter was up 58% year on year. We also continue to see a reasonable percentage of first time buyers particularly in some of the emerging markets.",0,0,0,2,2,2015,Q2,text,Same
"Those, we believe, are attractive long-term investments. Those are things that will play out – AI in the near-term but the investments in AR and VR are really about building the next generation of computing and thats got a longer-term return window.",0,0,0,0,0,2018,Q2,,Same
There are a lot of elements in the gross margin line that we have good control over and there are also elements that we don't control. Take for example foreign exchange which has been a significant headwind for the company for the last three years now. Also the mix of products that we sell into the market tends to change over time and that also has an impact on the overall gross margin for the company.,0,0,1,1,1,2017,Q4,text,Different
"So, on the apps question, the ones that have done the best are things that augment core Facebook functionality for large subsets of the community. So for example we have this Pages Manager App. There are 50 million businesses that have pages on Facebook. And giving a focused experience for the person who wants to run their business through Facebook and be communicating with their customers all day long that’s just proven to be an incredibly engaging experience that drives content into the system and is good overall. We have introduced a number of things like that for public figures for groups messengers probably been the most successful; it’s something that’s connected to the Facebook experience that now has more than 800 million people using it.",0,0,0,0,0,2015,Q4,,Same
It's starting to pivot to consumed. It will then land as billings and ultimately in our P&L as GAAP revenue in-quarter off the balance sheet.,0,0,0,0,0,2017,Q2,,Same
What we focus on is innovating on behalf of customers and expanding the geographic footprint to make our services more widely available. You can see us continue to invest in things like new application services higher up the stack additional technologies that will make integrating with AWS seamless for those companies that have a hybrid IT environment and then continuing to add functionality for data analytics mobile Internet of things machine learning offerings things like that that will add greater and greater value for AWS customers.,0,0,0,0,0,2016,Q2,,Same
It's now a multibillion-dollar program. You can see the – in our supplemental revenue disclosure its in other revenue and its the majority of the other revenue in that line item.,0,0,0,0,0,2018,Q1,,Same
"When you look at our financial performance in recent years, take the last three years, for example, the number of units sold during any quarter has not been necessarily representative of the underlying strength of our business. If you look at our revenue given the last three years if you look at our net income during the last three years if you look at our stock price here in the last three years theres no correlation to the units sold in any given period. As you know very well in addition our product ranges for all the major product categories have become wider over time and therefore a unit of sale is less relevant for us at this point compared to the past because we got this much wider sales price dispersion so unit of sale per se becomes less relevant.",0,0,1,1,1,2018,Q4,text,Different
"So, we couldn't be happier with the progress. And were seeing a growing engagement with the broader Apple ecosystem during the quarter. And so when you look at it each of our categories iPhone iPad Mac wearables services everything improved sequentially. I would point out I think I mentioned in my comments that we actually grew in constant currency for Greater China and we grew in Mainland China on a reported basis.",0,0,2,2,2,2019,Q3,text,Different
"So yes -- sorry, the operating margin in AWS, just like the revenue rate it's such a rapidly growing business with different timing of investments and global expansion in investment in marketing and other infrastructure that is going to vary quarter-to-quarter. We had a -- weve come off a period where if you remember last year we had less investment needed in infrastructure both for AWS and for Amazon in total. The -- I dont have the number directly in front of me but anyway we grew finance leases which is essentially our props for capital leases for infrastructure by 9% in Q1 and it was 10% all of last year coming off a year in 2017 where we had growth of 69%. So we had that dynamic.",0,1,1,1,1,2019,Q2,text,Same
"on pricing growth, I think there we feel like we're making good progress in our goal of driving better outcomes in ROI for our advertisers through things like better targeting, better ad units, driving better conversion, and the willingness of advertisers continue to grow budgets with us I think highlights our progress there. You remember they are optimizing at the end of the day for business results for a given dollar spent not the impression price that were kind of nominally reporting here. So you can think of all of this work and Sheryl talked about the value optimization efforts as part of that as being an effort to improve the yield of the impressions that we have to drive downstream business results for advertising partners.",0,0,2,0,0,2017,Q4,rule,Same
"But I suspect that any time there are large numbers of customers that have a phone that's in that two year kind of range that it tends to be a sweet spot, and I think you probably will see a lot of people trying to recruit those customers. We clearly saw that this year. Theres a lot of competition for customers in the U.S. which I think is the market that youre talking about.",0,0,1,0,1,2016,Q4,,Same
"So having mid-roll ads, we're committed to doing this in a way that's very good on the user experience, but that is going to enable the kind of content that I think is going to take us to the next level. The early trends are good but I think this is really going to be an area that is proportional to the amount of quality content that is in the system and the business model is really going to be the thing that enables that.",0,0,0,0,0,2016,Q4,,Same
"We're excited to bring the UEFA Champions League Soccer and College Basketball to Facebook, and we're going to continue to experiment with developing many different forms of content for Facebook. On this sports answer sports is one of the ways that people get together on Facebook and build community.",0,0,0,0,0,2017,Q4,,Same
"And we traditionally see a step-up in stock-based compensation expense in Q2, and we're seeing the same thing this year. And lastly I would say in Q2 as a reminder each year we - Q2 is a time when we grant RSUs to employees.",1,2,1,2,0,2019,Q1,,Same
"So we're very happy with the growth in the business, the momentum that we're seeing with enterprise customers. Weve had sequential increase in growth rate the prior three quarters I believe it was. This quarter is slightly down but still 46% growth is very strong. We are at an annualized run rate above $26 billion and that was about $18 billion this time last year.",0,0,2,2,1,2018,Q3,,Different
"Yeah, we're very happy with the results we're seeing, and the backlog that we see, and the new contracts and new customers and the expansion of existing customer business that we see. Again the business has accelerated the last three quarters and were seeing great signs in a number of areas. Weve added 800 new services and features so far this year; thats an accelerated pace from last year which was a record year. We see customers have migrated more than 80,000 databases using the AWS Database Migration Service. And customers are just branching out to a lot of new products from us.",0,0,2,1,1,2018,Q2,text,Same
And so the underlying growth rate for service in the quarter was fantastic. It was 24%. Its the highest growth rate that weve had for services during fiscal 2017.,2,0,2,2,2,2017,Q4,rule,Same
"The thing I can tell you about pricing is that our pricing is, price reductions are a core part of our philosophy, of course. We had a price decrease in Q3 and that was our 52nd since we started this business. Not only did we lower the prices of our products but we also create new services that are cheaper that customers can switch to.",2,2,1,0,2,2016,Q3,rule,Same
"So, yeah, we do see expansion of the one-day program as we move through the year. Weve been expanding since we started this effort in Q2 of last year. Expansion means additional cities additional routes additional zip codes.",2,2,2,2,1,2019,Q4,,Same
A good deal of that is tied to the AWS business. So that nearly 40% growth in Amazon fulfilled units last year and the continuation of the strong growth higher than the paid unit growth that we see in 2017 is resulting in a lot of fulfillment center capacity. But a caution; CapEx can fluctuate quarter-to-quarter and if you look back to last year the trailing 12 months was only 7% growth from the quarters through Q1 of last year.,2,1,1,1,1,2017,Q1,text,Same
"So if you think back to how we've talked about the long term, the lifetime value equation, it's those components that I really think about proving out over time, and we had lots of encouraging signs about that. The trend we saw there as I said were 5% up in a constant currency basis. That was 70% cloud minus 8% on prem. Thats a trend thats not new for us. Weve thought about making this transition as quickly as possible but what were seeing which you heard us talk about was a transition to increasing premium mix selling more workloads doing all of that while were growing the installed base. New users Satya referenced on the small business and mid-market side. Premium mix we talked about how many premium services were now selling. And then in terms of renewals theyre quite good which we talked about.",0,0,0,0,0,2016,Q1,,Same
"So that’s contributing to some of the deceleration, specifically as we look out into the remainder of 2019. We are seeing faster growth in impressions coming from Stories and then also coming from geographies that monetize at lower rates on things like Facebook News Feed. So even though we’re seeing good impression growth that’s impression growth it’s flowing through at a lower price point. Then the way that growth was driven in the prior year.",2,0,2,0,0,2019,Q2,text,Same
"The deceleration you're seeing of 700 basis points is more a function of the Prime Day that we had in Q3, if you remember. We didnt break it out by segment but we said that Prime Day contributed 200 basis points to our Q3 run rate revenue growth rate. So sequentially last year any North America EGM we dropped from 31% to 27%. So there is always a - generally a sequential drop in Q4.",2,2,2,2,1,2015,Q4,,Same
"So I would say right now, it's more about efficiency and also performance of the advertisement themselves. The other revenue growth that you see does include some non-advertising things as well. So while other revenue grew 36% and it is principally advertising advertising grew a bit higher than that.",0,0,0,0,0,2019,Q1,,Same
And one of the things we are doing is trying to make it simpler and simpler for people to get on these sort of monthly financing kind of things. Thats a part of what we announced with the Apple Card earlier in the call and so we are cognizant that there are lots of users out there that want sort of a recurring payment like that and the receipt of new products on some sort of standard kind of basis and we are committed to make that easier to do than perhaps it is today.,0,0,0,0,2,2019,Q4,,Same
"And I think people broadly are starting to get that more, which is why things like encryption are so attractive to people and why features around ephemerality or keeping data less permanently are becoming increasingly important. I do think that there is a very broad sense as youre saying that - and greater awareness that having data stored for long periods of time with companies cannot only be an asset and that it can help provide better services but can also be a liability in that there could be breaches or the data could be used in ways that werent intended.",0,0,0,0,0,2018,Q4,,Same
We continue to expect that we'll see deceleration in ad revenue growth. And thats going to be particularly pronounced as we get into the second half of 2017 because ad load will be a less significant factor driving growth starting in the second half.,2,0,1,0,0,2017,Q1,text,Same
I think this is going to be an exciting year. As you mentioned Oculus Go is coming out.,0,0,0,0,0,2018,Q1,,Same
"Yes, a good example of the first-line opportunity was something that you could have seen at NRF this January. We launched for example Teams for first-line workers which had things like shift worker capabilities secure messaging.",0,0,0,0,2,2019,Q2,,Same
So it's a business we're really excited about. For advertising I would remind you that certain parts of the advertising roll up into other. Some actually roll up to EGM and media as well.,0,0,0,0,0,2015,Q2,,Same
So I think we're very well positioned in the e-commerce space. E-commerce is and remains and was one of our strongest verticals in Q4 and we think were doing an excellent job of building the right products for e-commerce retailers. And Sheryl talked about value optimization and that sort of work that were doing and so I think weve got continued opportunities with e-commerce going forward.,2,2,0,0,2,2017,Q4,rule,Different
"So amid all these opening of new buildings, many of them late in the year, the ops team did a fantastic job. The ops team did a great job handling record volumes in Q4 and also incorporating all the new capacity we had opened in 2017. If you remember we have added over 30% to our fulfillment square footage in 2017 coming off the similar increase in 2016.",2,1,1,1,1,2017,Q4,text,Same
"And often, TV and Facebook and Instagram can work really well together. T-Mobile wanted to use their Super Bowl campaign to increase their brand awareness and increase their reach. So before the game they targeted their 30-second Super Bowl ad that featured Drake to people with NFL and celebrity interests. It performed so well that they decided to run the 60-second version on Facebook and Instagram. That ad was so successful on Facebook and Instagram that they then ran the 60-second ad on TV instead of their 30-second ad.",0,0,0,0,0,2016,Q1,,Same
So we're always working within a range. Were confidently we were near but just above our $800 million estimate in Q2.,2,2,0,0,2,2019,Q2,rule,Different
"And so it seems to us that with that many feature phones being sold, that's a pretty big opportunity. In terms of the market in general if you look at last year which is the last data point we have on the full market there were still 0.5 billion feature phones sold in the world.",0,0,1,0,1,2018,Q2,,Same
"And so that’s a good example to say, every three years tends to be the length of our agreements and so you to tend to see that repeated, and that’s what we mean by sort of the record or the largest expiry base and that is the pattern. In terms of LinkedIn having any impact? It did not.",0,0,0,0,2,2017,Q4,,Same
We continue to make progress with monetization. Were starting to roll out Stories ads but it is very early days and we think it will be a long road ahead. Its also probably worth noting that the experiences we had to date moving from Facebook to Instagram were more similar that the Instagram feed is similar to the Facebook feed in terms of what you can do with advertising. And so Messenger and messaging services if Stories is one click different from that thats a few clicks different than that.,0,0,0,0,0,2018,Q4,,Same
So I'm very excited about it. The 4G network investment really began rolling in in a significant way toward the last quarter of last year as you know. But they are moving fast. Theyre moving at a speed that I have not seen in any other country in the world once they were started and it is truly impressive.,0,0,0,0,1,2017,Q2,,Same
What's interesting is that what you see is SMBs are able to use the pull of some of the biggest brands in the world. So over 2 million SMBs have posted a video both paid and organic in the last month. And that happens to be many times the number of SMBs that have shot or placed a TV commercial.,0,0,0,0,2,2016,Q1,,Same
The timeframes of these migrations and so on are a lot more complicated than they perhaps appear on the surface. So heres what we think of. For example right when everyones talking about the cloud the most interesting part is the edge of the cloud. Whether its IoT whether its the auto industry whether its whats happening in retail essentially compute is going where the data gets generated and increasingly data is getting generated at the volumes in which its drawing compute to it which is the edge. So if you look even at our announcements over this quarter a lot of what we have done with IoT is create an IoT edge. Of course we have an amazing cloud with the SaaS services for IoT but the edge compute the ability to run a neural network at the edge do inferences at the edge is exciting.,0,0,0,0,0,2017,Q3,,Same
So it continues to be a really good story for us. And launching the Hong Kong region gets us to a footprint of 19 cities in China.,0,0,0,0,0,2019,Q1,,Same
"On the first, we're always trying to improve our ad products so marketers can buy what they want and pay as they want to pay. We recently announced that were updating the definition of CPC so that includes only websites and apps. But you can also buy on a cost per engagement basis and that include likes comments and shares.",0,0,0,0,0,2015,Q2,,Same
"And then finally, in terms of another headwind that is a little less than it was, currency has been affecting us more significantly. Last quarter in China it affected us 1 percentage point.",0,0,2,2,2,2017,Q4,text,Different
"We're seeing the things that we have on the periphery of this like Apple TV, units and revenue grew by very strong double digits, very, very strong double digits in Q3. As I mentioned in my opening comments were seeing different providers pick up the Apple TV and use it as their box to go to market with their subscription service. There are within the 300 million-plus paid subscriptions some of these are third party video subscriptions and we see the growth that is going on there. Its like 100% year-over-year.",2,2,2,2,2,2018,Q3,,Same
And so I think that is another factor that presents risk in our ability to continue to grow ARPU. One of the things I would point out is that from a pricing perspective there are headwinds that we might face on targeting given the overall privacy landscape in 2019. As well were seeing a mix shift towards Stories. And that is going to be something that will contribute to a deceleration of our revenue growth.,0,0,0,0,0,2018,Q4,,Same
We've already made the call that Azure for Linux is first class. We already have 20 plus points of or 20%-plus of VMs in Azure are Linux and well all increasingly have Linux be a big share of our percentage of what is happening in Azure.,0,0,0,0,0,2016,Q3,,Same
"From the perspective of hiring growth, I'd really point to the fact that we've been consistently accelerating hiring so far in 2017, and I pointed to the fact that we expect to accelerate hiring in the back half of the year as well. And this quarter was the biggest recruiting quarter in terms of net hires ever for Facebook. Were continuing to invest in a number of key areas hiring engineers to drive the three five and 10-year priorities.",2,0,0,2,2,2017,Q2,rule,Same
"That has had the effect of protecting our margins, which you've seen have been very strong, both in the December quarter and in the guidance that we provide for the March quarter. One of the things that weve done to respond to the foreign exchange situation has been to increase the price of some of our products in certain international markets. But inevitably over time higher prices affect demand and so were capturing that in our guidance.",0,0,2,2,2,2016,Q1,text,Different
"I would say there's no let-up in the pace of invention here, particularly on the AWS side. We usually quote the number of new features and services to you each quarter we had 214 in Q1 up from 170 the first quarter of last year. So over 26% growth in this quarter alone coming off a year where I believe the number was 722 significant new features and services delivered for AWS customers last year.",2,2,2,1,1,2016,Q1,text,Same
"The impact on short-term is pretty much indistinguishable from the growth that we're seeing in our expansion of our base customers in our existing regions, so we don't see a large step-up from the addition of new regions relative to the large and rapid growth in the business itself. But to your question about AWS we actually see nine availability zones in four regions coming out in the next – in the coming year.",0,0,2,0,0,2016,Q2,rule,Same
"So, we’re seeing strong growth across those platforms. It’s also the case that Facebook had remarkably strong growth as well. And as I mentioned 98 of our top 100 advertisers in Facebook are now advertising on Instagram.",0,0,0,0,0,2015,Q4,,Same
So we view the social space as almost this matrix. You can think about it as a two-dimensional grid where one axis is the richness of the content that people want to share then other axis is the size of the audience or intimacy of how people want to share.,0,0,0,0,0,2015,Q3,,Same
"Just on the user growth point, we're obviously pleased with the growth we're seeing across the globe in terms of DAU growth. The three largest countries were India the U.S. and Brazil. So were seeing good diversified growth.",0,0,2,2,0,2015,Q3,rule,Different
We think we can grow this year. As Tim said the interest from customers on iPhone 7 and 7 Plus is very strong. The strength of our Services business youve seen weve grown 24% in September.,0,0,2,2,2,2016,Q4,text,Different
"Karl, thanks for asking that question; it gives me a chance to reiterate how many of those components are bit one-time in nature. The first and the largest issue is the end of the Nokia commercial agreement that’s about $650 million that we earned in Q2 of a year ago that because of the ended the agreement simply goes away. The second component relates to the same trend we saw in our IP business that we saw in Q4 then in Q1 we’re doing and seeing again in Q2. The next component which is a change is we have actually launched some of our Office 365 consumer services in Japan which is a Geo that we had not been in historically. That does result in a revenue to fall it will end up in unearned. But that’s about $100 million impact that we would not have seen before that. And so by the time you move all of that out of the comparison group you really get back to very similar trends in our D&C licensing business that we saw this quarter for what I think was a component to you are focused on which is OEM Pro and OEM non-Pro which we expect to really resemble the results we saw this quarter and marry -- and to matched up PC business dynamics overall.",1,2,1,2,0,2015,Q1,,Same
"And, Walter, just quickly, this is one of the areas that we have invested in actually leading into this past fiscal year, FY 2015. ",2,0,1,0,2,2015,Q4,rule,Same
We're continuing to be very excited about the opportunities we have to innovate with the Whole Foods and Amazon teams together. In our physical stores it feels there are supplemental disclosure that physical stores revenue was $4.5 billion in Q4 which is primarily comprised of Whole Foods and was slightly better than what was built into our guidance that I gave you last call. So so far our focus has been on continuing to lower prices even beyond the initial ones that we discussed at the close of the deal in late August. Weve launched Whole Foods products on our Amazon website and were -- the technical work continues to make Prime the Whole Foods customer rewards program and we expect to have more on that later in the year. Weve also added Lockers and much more to come.,2,2,1,1,2,2017,Q4,rule,Different
Every member of Congress right now has a Facebook presence. And were seeing people like one example is Elise Stefanik the youngest person in the Congress. She made a pledge when she was elected that she would explain every vote she takes and she explains every vote she takes on Facebook.,0,0,0,0,0,2016,Q2,,Same
"In terms of the development on the advertising side, we're not specifically breaking out Instagram revenue, as you know, because thats sold through the same Facebook ad interfaces but were seeing really good contribution and good growth there.",0,0,0,0,0,2017,Q1,,Same
"And then in terms of payments, there's multiple approaches that we're taking there. Were of course working on payments in WhatsApp. We have our test going in India. And we also differentiate between payment systems that are built on top of the existing financial infrastructure like what were trying to do with WhatsApp payments or when we make payments in Instagram Shopping and our work with something like Libra that is trying to build some new technological infrastructure for financial services.",0,0,0,0,0,2019,Q3,,Same
"On ad load, we have a lot of experience rolling out ads into feed-based products and we monitor it very carefully and we're going to continue to monitor really carefully. So now we have self-service ads rolled out. Weve rolled out in all countries where we offer Facebook ads. We have new ad formats for Instagram. Were able to do more business objectives all of which can use the same targeting as we have on Facebook and all of which are increasingly tapping into our measurement capabilities.",0,0,0,0,0,2015,Q3,,Same
"so we're going to keep on moving in this direction. So weve launched a number of changes that are focused towards trying to encourage more interaction at the expense of some passive consumption on the network. And we found that these have generally encouraged more interaction or positives,",0,0,0,0,0,2018,Q2,,Same
"What it means to us as a company of course is that, we have additional flexibility right now from the access to the foreign cash. And in the past weve been addressing this issue by having to raise debt as the cash was overseas; the majority of the cash was overseas. And so we are now in a position where we have $285 billion of cash weve got $122 billion of debt for a net cash of $163 billion.",0,0,0,0,0,2018,Q1,,Same
I could not be prouder of the product. On iPhone X specifically I think its important to maybe emphasize again one of the things I mentioned in my opening comments that customers chose iPhone X more than any other iPhone each and every week in the March quarter just as they did following its launch in the December quarter. Also since we split the line with the launch of iPhone 6 and 6 Plus back in 2014 this is the first cycle that weve ever had where the top of the line iPhone model has also been the most popular. And so with the customer set that Luca referenced as well the 99% the iPhone X is a beloved product.,1,1,2,2,1,2018,Q2,rule,Different
"So effective May 11, we're going to increase the price of our U.S. annual plan from $99 to $119 for new members. And the cost is also high as we pointed out especially with shipping options and digital benefits we continue to see rises in costs.",0,0,0,0,0,2018,Q1,,Same
But we also think of in fact our servers as the edge of our cloud. That I think is where the world is going to go to where distributed computing will remain distributers. So Azures stack is completely unique to Microsoft. No one else who is in the public cloud business at any scale has that kind of capability.,0,0,0,0,0,2016,Q3,,Same
"And if we do a really great job of that, which we will, then I'm confident that we'll do well. And so what we have to do and what were doing is innovating like crazy and delivering the best smartphone to our customers there.",0,0,0,0,0,2016,Q3,,Same
And so we go through different cycles. Were certainly still investing very heavily. That being said we – as I mentioned last quarter were spending time on making sure that we get productivity.,0,0,0,0,0,2015,Q1,,Same
"And so when we do one, it is significant and it’s because we really believe in it and we really believe in this one and what it can do for customers.",0,0,0,0,0,2015,Q1,,Same
So we're comping that year-over-year. What happened in the quarter was we were lapping a period last year when we – we had purchased Whole Foods in Q3 as you remember of 2017. In Q4 we adjusted their fiscal calendar to link it up with Amazons and it added about 5 days of revenue into Q4 of last year.,2,1,1,1,1,2018,Q4,text,Same
"It's very ROI-focused, and we continue to invest and roll out products that help people. So for example Lead Ads where people can fill out forms on a mobile device take their contact info from Facebook weve rolled that out fully this quarter. And that enables people to use Facebook in a very direct to response way,",0,0,0,0,2,2016,Q1,,Same
"And now when you think about the scale at which we operate, it is very important for us to make sure that every new breakthrough that happens in the system architecture that can improve efficiencies in what is distributed computing is something that we stay on the forefront of it. So thats why we have a very long-term view on Quantum and the things that we did even in this last quarter is take things like the quantum simulator stuff and bring it to Azure. In fact we are seeing very good adoption in scientific labs in universities and some pharma companies and others who are looking at really building their quantum algorithmic promise long before the quantum computer cloud is real so that they are ready to be able to take advantage of that computing resource.",0,0,0,0,0,2019,Q2,,Same
"2015 is a big investment year for us, both in CapEx and OpEx. So on the CapEx growth for this year Paul yeah we are ramping CapEx obviously to support the initiatives that we have. But clearly weve got a lot of areas that were investing in including video including the various other services on top of Facebook. So were going to be investing to deliver the best quality services that we can for our users so well continue to invest heavily on the datacenter and infrastructure side going forward.",2,0,0,0,2,2015,Q1,rule,Same
We see that the number of paying accounts is growing a lot. And I mentioned the increase in number of paying accounts that we value in this last 90 days is the largest that weve ever had. So this very large number of people coming into the ecosystem experiencing the ecosystem which is obviously improving all the time in quality and quantity and then start paying and transacting on our stores and that number is growing very very strongly strong double digits.,0,0,1,0,2,2017,Q2,,Same
"And even at that point, we're not going to be perfect because more than 2 billion people are communicating on the service. There are going to be things that our systems miss no matter how well-tuned we are.",0,0,0,0,0,2018,Q3,,Same
"So while we'll continue to concurrently drive growth and customer offering and Prime benefits, we certainly do take costs seriously and we will continue to work on operational efficiencies. And then on capital especially infrastructure capital if you use the capital lease slide as maybe an indicator for what we have invested into our AWS business to support infrastructure and global expansion that number grew 10% last year when it had grown 69% in 2017. So in a lot of ways 2018 was about banking the efficiencies of investments in people warehouses infrastructure that we had put in place in 2016 and ’17.",1,1,1,1,1,2018,Q4,,Same
"But in terms of the business, the more important piece is how people can interact with businesses through Messenger. And we started some early small tests around f8 last year where with some ecommerce services made it so that people who were buying things could follow up with the business and get customer support and buy more things. And we went through this process of integrating that and making sure that it’s integrated with all these system well.",0,0,0,0,1,2015,Q4,,Same
"On your comment, I assume you meant vendors not merchants, but on the move from 1P to 3P, but no there shouldn't be -- I can't highlight anything related shifting in channel there, but I would say that we remain in different on whether -- we're focused on price convenience and selection for our customers. And whether product is a retail offering or third-party offering is not that important to us. As long as its in stock as long as its priced competitively. So as you know our 3P selection has -- our 3P percent of units has been increasing over time and increased again in this quarter to 54% of units.",0,0,2,0,2,2019,Q2,,Same
